CECON_CETIP_SEQ_PK;CECON_SGTPO_SEQ_PK;CECON_SGTPO_GDL;CECON_DATA_INS;CECON_DATA_ULT_AGG;CECON_COD_ULT_AGG
1;0300CC01;AG141;2017-10-24 12:10:37.000000000;2017-10-24 12:10:37.000000000;CARICAMENTO MANUALE
2;0300CC01;AG141;2017-10-24 12:10:37.000000000;2017-10-24 12:10:37.000000000;CARICAMENTO MANUALE
3;0300CC01;AG141;2017-10-24 12:10:37.000000000;2017-10-24 12:10:37.000000000;CARICAMENTO MANUALE
4;0300CC01;AG141;2017-10-24 12:10:37.000000000;2017-10-24 12:10:37.000000000;CARICAMENTO MANUALE
5;0300CC01;AG141;2017-10-24 12:10:37.000000000;2017-10-24 12:10:37.000000000;CARICAMENTO MANUALE
6;0300CC01;AG141;2017-10-24 12:10:37.000000000;2017-10-24 12:10:37.000000000;CARICAMENTO MANUALE
7;0300CC01;AG141;2017-10-24 12:10:37.000000000;2017-10-24 12:10:37.000000000;CARICAMENTO MANUALE
8;0300CC01;AG141;2017-10-24 12:10:37.000000000;2017-10-24 12:10:37.000000000;CARICAMENTO MANUALE
9;0300CC01;AG141;2017-10-24 12:10:37.000000000;2017-10-24 12:10:37.000000000;CARICAMENTO MANUALE
10;0300CC01;AG141;2017-10-24 12:10:37.000000000;2017-10-24 12:10:37.000000000;CARICAMENTO MANUALE
11;0300CC01;AG141;2017-10-24 12:10:37.000000000;2017-10-24 12:10:37.000000000;CARICAMENTO MANUALE
12;0300CC01;AG141;2017-10-24 12:10:37.000000000;2017-10-24 12:10:37.000000000;CARICAMENTO MANUALE
13;0300CC01;AG141;2017-10-24 12:10:37.000000000;2017-10-24 12:10:37.000000000;CARICAMENTO MANUALE
14;0300CC01;AG141;2017-10-24 12:10:37.000000000;2017-10-24 12:10:37.000000000;CARICAMENTO MANUALE
15;0300CC01;AG141;2017-10-24 12:10:37.000000000;2017-10-24 12:10:37.000000000;CARICAMENTO MANUALE
16;0300CC01;AG141;2017-10-24 12:10:37.000000000;2017-10-24 12:10:37.000000000;CARICAMENTO MANUALE
17;0300AU01;AG140;2017-10-24 12:55:58.000000000;2017-10-24 12:55:58.000000000;CARICAMENTO MANUALE
17;0300RI01;AG143;2017-10-24 12:55:58.000000000;2017-10-24 12:55:58.000000000;CARICAMENTO MANUALE
18;0300RI01;AG143;2018-06-05 15:53:10.000000000;2018-06-05 15:53:10.000000000;CARICAMENTO MANUALE
19;0300RI01;AG143;2018-06-05 15:53:10.000000000;2018-06-05 15:53:10.000000000;CARICAMENTO MANUALE
20;0300RI01;AG143;2018-06-05 15:53:10.000000000;2018-06-05 15:53:10.000000000;CARICAMENTO MANUALE
21;0300CC01;AG141;2017-10-24 12:55:58.000000000;2017-10-24 12:55:58.000000000;CARICAMENTO MANUALE
21;0300RI01;AG143;2017-10-24 12:55:58.000000000;2017-10-24 12:55:58.000000000;CARICAMENTO MANUALE
22;0300CC01;AG141;2017-10-24 12:55:58.000000000;2017-10-24 12:55:58.000000000;CARICAMENTO MANUALE
22;0300RI01;AG143;2017-10-24 12:55:58.000000000;2017-10-24 12:55:58.000000000;CARICAMENTO MANUALE
23;0300CC01;AG141;2017-10-24 12:55:58.000000000;2017-10-24 12:55:58.000000000;CARICAMENTO MANUALE
23;0300RI01;AG143;2017-10-24 12:55:58.000000000;2017-10-24 12:55:58.000000000;CARICAMENTO MANUALE
24;0300CC01;AG141;2017-10-24 12:55:58.000000000;2017-10-24 12:55:58.000000000;CARICAMENTO MANUALE
24;0300RI01;AG143;2017-10-24 12:55:58.000000000;2017-10-24 12:55:58.000000000;CARICAMENTO MANUALE
25;0300CC01;AG141;2017-10-24 12:55:58.000000000;2017-10-24 12:55:58.000000000;CARICAMENTO MANUALE
25;0300RI01;AG143;2017-10-24 12:55:58.000000000;2017-10-24 12:55:58.000000000;CARICAMENTO MANUALE
26;0300CC01;AG141;2017-10-24 12:55:58.000000000;2017-10-24 12:55:58.000000000;CARICAMENTO MANUALE
26;0300RI01;AG143;2017-10-24 12:55:58.000000000;2017-10-24 12:55:58.000000000;CARICAMENTO MANUALE
27;0300CC01;AG141;2017-10-24 12:55:58.000000000;2017-10-24 12:55:58.000000000;CARICAMENTO MANUALE
27;0300RI01;AG143;2017-10-24 12:55:58.000000000;2017-10-24 12:55:58.000000000;CARICAMENTO MANUALE
28;0300CC01;AG141;2017-10-24 12:55:58.000000000;2017-10-24 12:55:58.000000000;CARICAMENTO MANUALE
28;0300RI01;AG143;2017-10-24 12:55:58.000000000;2017-10-24 12:55:58.000000000;CARICAMENTO MANUALE
29;0300CC01;AG141;2017-10-24 12:55:58.000000000;2017-10-24 12:55:58.000000000;CARICAMENTO MANUALE
29;0300RI01;AG143;2017-10-24 12:55:58.000000000;2017-10-24 12:55:58.000000000;CARICAMENTO MANUALE
30;0300CC01;AG141;2017-10-24 12:55:58.000000000;2017-10-24 12:55:58.000000000;CARICAMENTO MANUALE
30;0300RI01;AG143;2017-10-24 12:55:58.000000000;2017-10-24 12:55:58.000000000;CARICAMENTO MANUALE
31;0300CC01;AG141;2017-10-24 12:55:58.000000000;2017-10-24 12:55:58.000000000;CARICAMENTO MANUALE
31;0300RI01;AG143;2017-10-24 12:55:58.000000000;2017-10-24 12:55:58.000000000;CARICAMENTO MANUALE
32;0300CC01;AG141;2017-10-24 12:55:58.000000000;2017-10-24 12:55:58.000000000;CARICAMENTO MANUALE
32;0300RI01;AG143;2017-10-24 12:55:59.000000000;2017-10-24 12:55:59.000000000;CARICAMENTO MANUALE
33;0300CC01;AG141;2017-10-24 12:53:01.000000000;2017-10-24 12:53:01.000000000;CARICAMENTO MANUALE
33;0300RI01;AG143;2017-10-24 12:53:01.000000000;2017-10-24 12:53:01.000000000;CARICAMENTO MANUALE
34;0300CC01;AG141;2017-10-24 12:53:01.000000000;2017-10-24 12:53:01.000000000;CARICAMENTO MANUALE
34;0300RI01;AG143;2017-10-24 12:53:01.000000000;2017-10-24 12:53:01.000000000;CARICAMENTO MANUALE
35;0300CC01;AG141;2017-10-24 12:53:01.000000000;2017-10-24 12:53:01.000000000;CARICAMENTO MANUALE
35;0300RI01;AG143;2017-10-24 12:53:01.000000000;2017-10-24 12:53:01.000000000;CARICAMENTO MANUALE
36;0300CC01;AG141;2017-10-24 12:53:01.000000000;2017-10-24 12:53:01.000000000;CARICAMENTO MANUALE
36;0300RI01;AG143;2017-10-24 12:53:01.000000000;2017-10-24 12:53:01.000000000;CARICAMENTO MANUALE
37;0300CC01;AG141;2017-10-24 12:53:01.000000000;2017-10-24 12:53:01.000000000;CARICAMENTO MANUALE
37;0300RI01;AG143;2017-10-24 12:53:01.000000000;2017-10-24 12:53:01.000000000;CARICAMENTO MANUALE
38;0300CC01;AG141;2017-10-24 12:53:01.000000000;2017-10-24 12:53:01.000000000;CARICAMENTO MANUALE
38;0300RI01;AG143;2017-10-24 12:53:02.000000000;2017-10-24 12:53:02.000000000;CARICAMENTO MANUALE
39;0300CC01;AG141;2017-10-24 12:53:02.000000000;2017-10-24 12:53:02.000000000;CARICAMENTO MANUALE
39;0300RI01;AG143;2017-10-24 12:53:02.000000000;2017-10-24 12:53:02.000000000;CARICAMENTO MANUALE
40;0300CC01;AG141;2017-10-24 12:53:02.000000000;2017-10-24 12:53:02.000000000;CARICAMENTO MANUALE
40;0300RI01;AG143;2017-10-24 12:53:02.000000000;2017-10-24 12:53:02.000000000;CARICAMENTO MANUALE
41;0300CC01;AG141;2017-10-24 12:53:02.000000000;2017-10-24 12:53:02.000000000;CARICAMENTO MANUALE
41;0300RI01;AG143;2017-10-24 12:53:02.000000000;2017-10-24 12:53:02.000000000;CARICAMENTO MANUALE
42;0300CC01;AG141;2017-10-24 12:53:02.000000000;2017-10-24 12:53:02.000000000;CARICAMENTO MANUALE
42;0300RI01;AG143;2017-10-24 12:53:02.000000000;2017-10-24 12:53:02.000000000;CARICAMENTO MANUALE
43;0300CC01;AG141;2017-10-24 12:53:02.000000000;2017-10-24 12:53:02.000000000;CARICAMENTO MANUALE
43;0300RI01;AG143;2017-10-24 12:53:02.000000000;2017-10-24 12:53:02.000000000;CARICAMENTO MANUALE
44;0300CC01;AG141;2017-10-24 12:53:02.000000000;2017-10-24 12:53:02.000000000;CARICAMENTO MANUALE
44;0300RI01;AG143;2017-10-24 12:53:02.000000000;2017-10-24 12:53:02.000000000;CARICAMENTO MANUALE
45;0300CC01;AG141;2017-10-24 12:59:26.000000000;2017-10-24 12:59:26.000000000;CARICAMENTO MANUALE
45;0300RI01;AG143;2017-10-24 12:59:26.000000000;2017-10-24 12:59:26.000000000;CARICAMENTO MANUALE
46;0300CC01;AG141;2017-10-24 12:59:26.000000000;2017-10-24 12:59:26.000000000;CARICAMENTO MANUALE
46;0300RI01;AG143;2017-10-24 12:59:26.000000000;2017-10-24 12:59:26.000000000;CARICAMENTO MANUALE
47;0300CC01;AG141;2017-10-24 12:59:26.000000000;2017-10-24 12:59:26.000000000;CARICAMENTO MANUALE
47;0300RI01;AG143;2017-10-24 12:59:26.000000000;2017-10-24 12:59:26.000000000;CARICAMENTO MANUALE
48;0300CC01;AG141;2017-10-24 12:59:26.000000000;2017-10-24 12:59:26.000000000;CARICAMENTO MANUALE
48;0300RI01;AG143;2017-10-24 12:59:26.000000000;2017-10-24 12:59:26.000000000;CARICAMENTO MANUALE
49;0300CC01;AG141;2017-10-24 12:59:26.000000000;2017-10-24 12:59:26.000000000;CARICAMENTO MANUALE
49;0300RI01;AG143;2017-10-24 12:59:26.000000000;2017-10-24 12:59:26.000000000;CARICAMENTO MANUALE
50;0300CC01;AG141;2017-10-24 12:59:26.000000000;2017-10-24 12:59:26.000000000;CARICAMENTO MANUALE
50;0300RI01;AG143;2017-10-24 12:59:26.000000000;2017-10-24 12:59:26.000000000;CARICAMENTO MANUALE
51;0300CC01;AG141;2017-10-24 12:59:26.000000000;2017-10-24 12:59:26.000000000;CARICAMENTO MANUALE
51;0300RI01;AG143;2017-10-24 12:59:26.000000000;2017-10-24 12:59:26.000000000;CARICAMENTO MANUALE
52;0300CC01;AG141;2017-10-24 12:59:26.000000000;2017-10-24 12:59:26.000000000;CARICAMENTO MANUALE
52;0300RI01;AG143;2017-10-24 12:59:26.000000000;2017-10-24 12:59:26.000000000;CARICAMENTO MANUALE
53;0300CC01;AG141;2017-10-24 12:59:26.000000000;2017-10-24 12:59:26.000000000;CARICAMENTO MANUALE
53;0300RI01;AG143;2017-10-24 12:59:26.000000000;2017-10-24 12:59:26.000000000;CARICAMENTO MANUALE
54;0300CC01;AG141;2017-10-24 12:59:26.000000000;2017-10-24 12:59:26.000000000;CARICAMENTO MANUALE
54;0300RI01;AG143;2017-10-24 12:59:26.000000000;2017-10-24 12:59:26.000000000;CARICAMENTO MANUALE
55;0300CC01;AG141;2017-10-24 12:59:26.000000000;2017-10-24 12:59:26.000000000;CARICAMENTO MANUALE
55;0300RI01;AG143;2017-10-24 12:59:26.000000000;2017-10-24 12:59:26.000000000;CARICAMENTO MANUALE
56;0300CC01;AG141;2017-10-24 12:59:26.000000000;2017-10-24 12:59:26.000000000;CARICAMENTO MANUALE
56;0300RI01;AG143;2017-10-24 12:59:26.000000000;2017-10-24 12:59:26.000000000;CARICAMENTO MANUALE
57;0300CC01;AG141;2017-10-24 13:02:20.000000000;2017-10-24 13:02:20.000000000;CARICAMENTO MANUALE
57;0300RI01;AG143;2017-10-24 13:02:20.000000000;2017-10-24 13:02:20.000000000;CARICAMENTO MANUALE
58;0300CC01;AG141;2017-10-24 13:02:20.000000000;2017-10-24 13:02:20.000000000;CARICAMENTO MANUALE
58;0300RI01;AG143;2017-10-24 13:02:20.000000000;2017-10-24 13:02:20.000000000;CARICAMENTO MANUALE
59;0300CC01;AG141;2017-10-24 13:02:20.000000000;2017-10-24 13:02:20.000000000;CARICAMENTO MANUALE
59;0300RI01;AG143;2017-10-24 13:02:20.000000000;2017-10-24 13:02:20.000000000;CARICAMENTO MANUALE
60;0300CC01;AG141;2017-10-24 13:02:20.000000000;2017-10-24 13:02:20.000000000;CARICAMENTO MANUALE
60;0300RI01;AG143;2017-10-24 13:02:20.000000000;2017-10-24 13:02:20.000000000;CARICAMENTO MANUALE
61;0300CC01;AG141;2017-10-24 13:02:20.000000000;2017-10-24 13:02:20.000000000;CARICAMENTO MANUALE
61;0300RI01;AG143;2017-10-24 13:02:20.000000000;2017-10-24 13:02:20.000000000;CARICAMENTO MANUALE
62;0300CC01;AG141;2017-10-24 13:02:20.000000000;2017-10-24 13:02:20.000000000;CARICAMENTO MANUALE
62;0300RI01;AG143;2017-10-24 13:02:20.000000000;2017-10-24 13:02:20.000000000;CARICAMENTO MANUALE
63;0300CC01;AG141;2017-10-24 13:02:20.000000000;2017-10-24 13:02:20.000000000;CARICAMENTO MANUALE
63;0300RI01;AG143;2017-10-24 13:02:20.000000000;2017-10-24 13:02:20.000000000;CARICAMENTO MANUALE
64;0300CC01;AG141;2017-10-24 13:02:20.000000000;2017-10-24 13:02:20.000000000;CARICAMENTO MANUALE
64;0300RI01;AG143;2017-10-24 13:02:20.000000000;2017-10-24 13:02:20.000000000;CARICAMENTO MANUALE
65;0300CC01;AG141;2017-10-24 13:02:20.000000000;2017-10-24 13:02:20.000000000;CARICAMENTO MANUALE
65;0300RI01;AG143;2017-10-24 13:02:20.000000000;2017-10-24 13:02:20.000000000;CARICAMENTO MANUALE
66;0300CC01;AG141;2017-10-24 13:02:20.000000000;2017-10-24 13:02:20.000000000;CARICAMENTO MANUALE
66;0300RI01;AG143;2017-10-24 13:02:20.000000000;2017-10-24 13:02:20.000000000;CARICAMENTO MANUALE
67;0300CC01;AG141;2017-10-24 13:02:20.000000000;2017-10-24 13:02:20.000000000;CARICAMENTO MANUALE
67;0300RI01;AG143;2017-10-24 13:02:20.000000000;2017-10-24 13:02:20.000000000;CARICAMENTO MANUALE
68;0300CC01;AG141;2017-10-24 13:02:20.000000000;2017-10-24 13:02:20.000000000;CARICAMENTO MANUALE
68;0300RI01;AG143;2017-10-24 13:02:20.000000000;2017-10-24 13:02:20.000000000;CARICAMENTO MANUALE
69;0300AU01;AG140;2017-09-25 15:53:07.000000000;2017-09-25 15:53:07.000000000;CARICAMENTO MANUALE
70;0300AU01;AG140;2017-09-25 15:53:07.000000000;2017-09-25 15:53:07.000000000;CARICAMENTO MANUALE
71;0300AU01;AG140;2017-09-25 15:53:07.000000000;2017-09-25 15:53:07.000000000;CARICAMENTO MANUALE
72;0300AU01;AG140;2017-09-25 15:53:07.000000000;2017-09-25 15:53:07.000000000;CARICAMENTO MANUALE
73;0300AU01;AG140;2017-09-25 15:53:07.000000000;2017-09-25 15:53:07.000000000;CARICAMENTO MANUALE
74;0300AU01;AG140;2017-09-25 15:53:07.000000000;2017-09-25 15:53:07.000000000;CARICAMENTO MANUALE
75;0300AU01;AG140;2017-09-25 15:53:07.000000000;2017-09-25 15:53:07.000000000;CARICAMENTO MANUALE
76;0300AU01;AG140;2017-09-25 15:53:07.000000000;2017-09-25 15:53:07.000000000;CARICAMENTO MANUALE
77;0300AU01;AG140;2017-09-25 15:53:07.000000000;2017-09-25 15:53:07.000000000;CARICAMENTO MANUALE
78;0300AU01;AG140;2017-09-25 15:53:07.000000000;2017-09-25 15:53:07.000000000;CARICAMENTO MANUALE
79;0300AU01;AG140;2017-09-25 15:53:07.000000000;2017-09-25 15:53:07.000000000;CARICAMENTO MANUALE
80;0300AU01;AG140;2017-09-25 15:53:07.000000000;2017-09-25 15:53:07.000000000;CARICAMENTO MANUALE
81;0300RI01;AG143;2017-09-25 15:53:07.000000000;2017-09-25 15:53:07.000000000;CARICAMENTO MANUALE
82;0300RI01;AG143;2017-09-25 15:53:07.000000000;2017-09-25 15:53:07.000000000;CARICAMENTO MANUALE
83;0300RI01;AG143;2017-09-25 15:53:07.000000000;2017-09-25 15:53:07.000000000;CARICAMENTO MANUALE
84;0300RI01;AG143;2017-09-25 15:53:07.000000000;2017-09-25 15:53:07.000000000;CARICAMENTO MANUALE
85;0300RI01;AG143;2017-09-25 15:53:07.000000000;2017-09-25 15:53:07.000000000;CARICAMENTO MANUALE
86;0300RI01;AG143;2017-09-25 15:53:07.000000000;2017-09-25 15:53:07.000000000;CARICAMENTO MANUALE
87;0300RI01;AG143;2017-09-25 15:53:07.000000000;2017-09-25 15:53:07.000000000;CARICAMENTO MANUALE
88;0300RI01;AG143;2017-09-25 15:53:07.000000000;2017-09-25 15:53:07.000000000;CARICAMENTO MANUALE
89;0300RI01;AG143;2017-09-25 15:53:07.000000000;2017-09-25 15:53:07.000000000;CARICAMENTO MANUALE
90;0300RI01;AG143;2017-09-25 15:53:07.000000000;2017-09-25 15:53:07.000000000;CARICAMENTO MANUALE
91;0300RI01;AG143;2017-09-25 15:53:07.000000000;2017-09-25 15:53:07.000000000;CARICAMENTO MANUALE
92;0300RI01;AG143;2017-09-25 15:53:07.000000000;2017-09-25 15:53:07.000000000;CARICAMENTO MANUALE
93;0300CA01;AG145;2017-10-24 11:48:07.000000000;2017-10-24 11:48:07.000000000;CARICAMENTO MANUALE
94;0300CA01;AG145;2017-10-24 11:48:07.000000000;2017-10-24 11:48:07.000000000;CARICAMENTO MANUALE
95;0300CA01;AG145;2017-10-24 11:48:07.000000000;2017-10-24 11:48:07.000000000;CARICAMENTO MANUALE
96;0300CA01;AG145;2017-10-24 11:48:07.000000000;2017-10-24 11:48:07.000000000;CARICAMENTO MANUALE
97;0300CA01;AG145;2017-10-24 11:48:07.000000000;2017-10-24 11:48:07.000000000;CARICAMENTO MANUALE
98;0300CA01;AG145;2017-10-24 11:48:07.000000000;2017-10-24 11:48:07.000000000;CARICAMENTO MANUALE
99;0300CA01;AG145;2017-10-24 11:48:08.000000000;2017-10-24 11:48:08.000000000;CARICAMENTO MANUALE
100;0300CA01;AG145;2017-10-24 11:48:08.000000000;2017-10-24 11:48:08.000000000;CARICAMENTO MANUALE
101;0300CA01;AG145;2017-10-24 11:48:08.000000000;2017-10-24 11:48:08.000000000;CARICAMENTO MANUALE
102;0300CA01;AG145;2017-10-24 11:48:08.000000000;2017-10-24 11:48:08.000000000;CARICAMENTO MANUALE
103;0300CA01;AG145;2017-10-24 11:48:08.000000000;2017-10-24 11:48:08.000000000;CARICAMENTO MANUALE
104;0300CA01;AG145;2017-10-24 11:48:08.000000000;2017-10-24 11:48:08.000000000;CARICAMENTO MANUALE
105;0300CA01;AG145;2017-10-24 14:32:48.000000000;2017-10-24 14:32:48.000000000;CARICAMENTO MANUALE
105;0300RI01;AG143;2017-10-24 14:32:48.000000000;2017-10-24 14:32:48.000000000;CARICAMENTO MANUALE
106;0300CA01;AG145;2017-10-24 14:32:48.000000000;2017-10-24 14:32:48.000000000;CARICAMENTO MANUALE
106;0300RI01;AG143;2017-10-24 14:32:48.000000000;2017-10-24 14:32:48.000000000;CARICAMENTO MANUALE
107;0300CA01;AG145;2017-10-24 14:32:48.000000000;2017-10-24 14:32:48.000000000;CARICAMENTO MANUALE
107;0300RI01;AG143;2017-10-24 14:32:48.000000000;2017-10-24 14:32:48.000000000;CARICAMENTO MANUALE
108;0300CA01;AG145;2017-10-24 14:32:48.000000000;2017-10-24 14:32:48.000000000;CARICAMENTO MANUALE
108;0300RI01;AG143;2017-10-24 14:32:48.000000000;2017-10-24 14:32:48.000000000;CARICAMENTO MANUALE
109;0300CA01;AG145;2017-10-24 14:32:48.000000000;2017-10-24 14:32:48.000000000;CARICAMENTO MANUALE
109;0300RI01;AG143;2017-10-24 14:32:48.000000000;2017-10-24 14:32:48.000000000;CARICAMENTO MANUALE
110;0300CA01;AG145;2017-10-24 14:32:48.000000000;2017-10-24 14:32:48.000000000;CARICAMENTO MANUALE
110;0300RI01;AG143;2017-10-24 14:32:48.000000000;2017-10-24 14:32:48.000000000;CARICAMENTO MANUALE
111;0300CA01;AG145;2017-10-24 14:32:48.000000000;2017-10-24 14:32:48.000000000;CARICAMENTO MANUALE
111;0300RI01;AG143;2017-10-24 14:32:48.000000000;2017-10-24 14:32:48.000000000;CARICAMENTO MANUALE
112;0300CA01;AG145;2017-10-24 14:32:48.000000000;2017-10-24 14:32:48.000000000;CARICAMENTO MANUALE
112;0300RI01;AG143;2017-10-24 14:32:48.000000000;2017-10-24 14:32:48.000000000;CARICAMENTO MANUALE
113;0300CA01;AG145;2017-10-24 14:32:48.000000000;2017-10-24 14:32:48.000000000;CARICAMENTO MANUALE
113;0300RI01;AG143;2017-10-24 14:32:48.000000000;2017-10-24 14:32:48.000000000;CARICAMENTO MANUALE
114;0300CA01;AG145;2017-10-24 14:32:48.000000000;2017-10-24 14:32:48.000000000;CARICAMENTO MANUALE
114;0300RI01;AG143;2017-10-24 14:32:48.000000000;2017-10-24 14:32:48.000000000;CARICAMENTO MANUALE
115;0300CA01;AG145;2017-10-24 14:32:48.000000000;2017-10-24 14:32:48.000000000;CARICAMENTO MANUALE
115;0300RI01;AG143;2017-10-24 14:32:48.000000000;2017-10-24 14:32:48.000000000;CARICAMENTO MANUALE
116;0300CA01;AG145;2017-10-24 14:32:48.000000000;2017-10-24 14:32:48.000000000;CARICAMENTO MANUALE
116;0300RI01;AG143;2017-10-24 14:32:48.000000000;2017-10-24 14:32:48.000000000;CARICAMENTO MANUALE
117;0300RI01;AG143;2017-10-24 14:32:48.000000000;2017-10-24 14:32:48.000000000;CARICAMENTO MANUALE
118;0300RI01;AG143;2017-10-24 14:32:48.000000000;2017-10-24 14:32:48.000000000;CARICAMENTO MANUALE
119;0300RI01;AG143;2017-10-24 14:32:48.000000000;2017-10-24 14:32:48.000000000;CARICAMENTO MANUALE
120;0300RI01;AG143;2017-10-24 14:32:48.000000000;2017-10-24 14:32:48.000000000;CARICAMENTO MANUALE
121;0300RI01;AG143;2017-10-24 14:32:48.000000000;2017-10-24 14:32:48.000000000;CARICAMENTO MANUALE
122;0300RI01;AG143;2017-10-24 14:32:48.000000000;2017-10-24 14:32:48.000000000;CARICAMENTO MANUALE
123;0300RI01;AG143;2017-10-24 14:32:48.000000000;2017-10-24 14:32:48.000000000;CARICAMENTO MANUALE
124;0300RI01;AG143;2017-10-24 14:32:48.000000000;2017-10-24 14:32:48.000000000;CARICAMENTO MANUALE
125;0300RI01;AG143;2017-10-24 14:32:48.000000000;2017-10-24 14:32:48.000000000;CARICAMENTO MANUALE
126;0300RI01;AG143;2017-10-24 14:32:48.000000000;2017-10-24 14:32:48.000000000;CARICAMENTO MANUALE
127;0300RI01;AG143;2017-10-24 14:32:48.000000000;2017-10-24 14:32:48.000000000;CARICAMENTO MANUALE
128;0300RI01;AG143;2017-10-24 14:32:48.000000000;2017-10-24 14:32:48.000000000;CARICAMENTO MANUALE
129;0300RI01;AG143;2017-10-24 14:32:48.000000000;2017-10-24 14:32:48.000000000;CARICAMENTO MANUALE
130;0300RI01;AG143;2017-10-24 14:32:48.000000000;2017-10-24 14:32:48.000000000;CARICAMENTO MANUALE
131;0300RI01;AG143;2017-10-24 14:32:48.000000000;2017-10-24 14:32:48.000000000;CARICAMENTO MANUALE
132;0300RI01;AG143;2017-10-24 14:32:48.000000000;2017-10-24 14:32:48.000000000;CARICAMENTO MANUALE
133;0300RI01;AG143;2017-10-24 14:32:48.000000000;2017-10-24 14:32:48.000000000;CARICAMENTO MANUALE
134;0300RI01;AG143;2017-10-24 14:32:48.000000000;2017-10-24 14:32:48.000000000;CARICAMENTO MANUALE
135;0300RI01;AG143;2017-10-24 14:32:48.000000000;2017-10-24 14:32:48.000000000;CARICAMENTO MANUALE
136;0300RI01;AG143;2017-10-24 14:32:48.000000000;2017-10-24 14:32:48.000000000;CARICAMENTO MANUALE
137;0300RI01;AG143;2017-10-24 14:32:48.000000000;2017-10-24 14:32:48.000000000;CARICAMENTO MANUALE
138;0300RI01;AG143;2017-10-24 14:32:48.000000000;2017-10-24 14:32:48.000000000;CARICAMENTO MANUALE
139;0300RI01;AG143;2017-10-24 14:32:48.000000000;2017-10-24 14:32:48.000000000;CARICAMENTO MANUALE
140;0300RI01;AG143;2017-10-24 14:32:48.000000000;2017-10-24 14:32:48.000000000;CARICAMENTO MANUALE
141;0300RI01;AG143;2017-10-25 12:10:36.000000000;2017-10-25 12:10:36.000000000;CARICAMENTO MANUALE
141;0300CA01;AG145;2017-10-25 12:10:36.000000000;2017-10-25 12:10:36.000000000;CARICAMENTO MANUALE
142;0300RI01;AG143;2017-10-25 12:10:36.000000000;2017-10-25 12:10:36.000000000;CARICAMENTO MANUALE
142;0300CA01;AG145;2017-10-25 12:10:36.000000000;2017-10-25 12:10:36.000000000;CARICAMENTO MANUALE
143;0300RI01;AG143;2017-10-25 12:10:36.000000000;2017-10-25 12:10:36.000000000;CARICAMENTO MANUALE
143;0300CA01;AG145;2017-10-25 12:10:36.000000000;2017-10-25 12:10:36.000000000;CARICAMENTO MANUALE
144;0300RI01;AG143;2017-10-25 12:10:36.000000000;2017-10-25 12:10:36.000000000;CARICAMENTO MANUALE
144;0300CA01;AG145;2017-10-25 12:10:36.000000000;2017-10-25 12:10:36.000000000;CARICAMENTO MANUALE
145;0300RI01;AG143;2017-10-25 12:10:36.000000000;2017-10-25 12:10:36.000000000;CARICAMENTO MANUALE
145;0300CA01;AG145;2017-10-25 12:10:36.000000000;2017-10-25 12:10:36.000000000;CARICAMENTO MANUALE
146;0300RI01;AG143;2017-10-25 12:10:36.000000000;2017-10-25 12:10:36.000000000;CARICAMENTO MANUALE
146;0300CA01;AG145;2017-10-25 12:10:36.000000000;2017-10-25 12:10:36.000000000;CARICAMENTO MANUALE
147;0300RI01;AG143;2017-10-25 12:10:36.000000000;2017-10-25 12:10:36.000000000;CARICAMENTO MANUALE
147;0300CA01;AG145;2017-10-25 12:10:36.000000000;2017-10-25 12:10:36.000000000;CARICAMENTO MANUALE
148;0300RI01;AG143;2017-10-25 12:10:36.000000000;2017-10-25 12:10:36.000000000;CARICAMENTO MANUALE
148;0300CA01;AG145;2017-10-25 12:10:36.000000000;2017-10-25 12:10:36.000000000;CARICAMENTO MANUALE
149;0300RI01;AG143;2017-10-25 12:10:36.000000000;2017-10-25 12:10:36.000000000;CARICAMENTO MANUALE
149;0300CA01;AG145;2017-10-25 12:10:36.000000000;2017-10-25 12:10:36.000000000;CARICAMENTO MANUALE
150;0300RI01;AG143;2017-10-25 12:10:37.000000000;2017-10-25 12:10:37.000000000;CARICAMENTO MANUALE
150;0300CA01;AG145;2017-10-25 12:10:37.000000000;2017-10-25 12:10:37.000000000;CARICAMENTO MANUALE
151;0300RI01;AG143;2017-10-25 12:10:37.000000000;2017-10-25 12:10:37.000000000;CARICAMENTO MANUALE
151;0300CA01;AG145;2017-10-25 12:10:37.000000000;2017-10-25 12:10:37.000000000;CARICAMENTO MANUALE
152;0300RI01;AG143;2017-10-25 12:10:37.000000000;2017-10-25 12:10:37.000000000;CARICAMENTO MANUALE
152;0300CA01;AG145;2017-10-25 12:10:37.000000000;2017-10-25 12:10:37.000000000;CARICAMENTO MANUALE
153;0300RI01;AG143;2017-10-24 14:55:59.000000000;2017-10-24 14:55:59.000000000;CARICAMENTO MANUALE
154;0300RI01;AG143;2017-10-24 14:55:59.000000000;2017-10-24 14:55:59.000000000;CARICAMENTO MANUALE
155;0300RI01;AG143;2017-10-24 14:55:59.000000000;2017-10-24 14:55:59.000000000;CARICAMENTO MANUALE
156;0300RI01;AG143;2017-10-24 14:55:59.000000000;2017-10-24 14:55:59.000000000;CARICAMENTO MANUALE
157;0300RI01;AG143;2017-10-24 14:55:59.000000000;2017-10-24 14:55:59.000000000;CARICAMENTO MANUALE
158;0300RI01;AG143;2017-10-24 14:55:59.000000000;2017-10-24 14:55:59.000000000;CARICAMENTO MANUALE
159;0300RI01;AG143;2017-10-24 14:56:00.000000000;2017-10-24 14:56:00.000000000;CARICAMENTO MANUALE
160;0300RI01;AG143;2017-10-24 14:56:00.000000000;2017-10-24 14:56:00.000000000;CARICAMENTO MANUALE
161;0300RI01;AG143;2017-10-24 14:56:00.000000000;2017-10-24 14:56:00.000000000;CARICAMENTO MANUALE
162;0300RI01;AG143;2017-10-24 14:56:00.000000000;2017-10-24 14:56:00.000000000;CARICAMENTO MANUALE
163;0300RI01;AG143;2017-10-24 14:56:00.000000000;2017-10-24 14:56:00.000000000;CARICAMENTO MANUALE
164;0300RI01;AG143;2017-10-24 14:56:00.000000000;2017-10-24 14:56:00.000000000;CARICAMENTO MANUALE
165;0300AU01;AG140;2017-09-25 15:44:26.000000000;2017-09-25 15:44:26.000000000;CARICAMENTO MANUALE
166;0300AU01;AG140;2017-09-25 15:44:26.000000000;2017-09-25 15:44:26.000000000;CARICAMENTO MANUALE
167;0300AU01;AG140;2017-09-25 15:44:26.000000000;2017-09-25 15:44:26.000000000;CARICAMENTO MANUALE
168;0300AU01;AG140;2017-09-25 15:44:26.000000000;2017-09-25 15:44:26.000000000;CARICAMENTO MANUALE
169;0300AU01;AG140;2017-09-25 15:44:27.000000000;2017-09-25 15:44:27.000000000;CARICAMENTO MANUALE
170;0300AU01;AG140;2017-09-25 15:44:27.000000000;2017-09-25 15:44:27.000000000;CARICAMENTO MANUALE
170;0300AU01;AG140;2017-09-25 15:44:27.000000000;2017-09-25 15:44:27.000000000;CARICAMENTO MANUALE
170;0300AU01;AG140;2017-09-25 15:44:27.000000000;2017-09-25 15:44:27.000000000;CARICAMENTO MANUALE
170;0300AU01;AG140;2017-09-25 15:44:27.000000000;2017-09-25 15:44:27.000000000;CARICAMENTO MANUALE
171;0300AU01;AG140;2017-09-25 15:44:27.000000000;2017-09-25 15:44:27.000000000;CARICAMENTO MANUALE
172;0300AU01;AG140;2017-09-25 15:44:27.000000000;2017-09-25 15:44:27.000000000;CARICAMENTO MANUALE
173;0300AU01;AG140;2017-09-25 15:44:27.000000000;2017-09-25 15:44:27.000000000;CARICAMENTO MANUALE
174;0300AU01;AG140;2017-09-25 15:44:27.000000000;2017-09-25 15:44:27.000000000;CARICAMENTO MANUALE
175;0300AU01;AG140;2017-09-25 15:44:27.000000000;2017-09-25 15:44:27.000000000;CARICAMENTO MANUALE
176;0300AU01;AG140;2017-09-25 15:44:27.000000000;2017-09-25 15:44:27.000000000;CARICAMENTO MANUALE
177;0300AU01;AG140;2017-09-25 15:44:27.000000000;2017-09-25 15:44:27.000000000;CARICAMENTO MANUALE
177;0300RI01;AG140;2017-11-08 14:30:15.000000000;2017-11-08 14:30:15.000000000;CARICAMENTO MANUALE
178;0300AU01;AG140;2017-09-25 15:44:27.000000000;2017-09-25 15:44:27.000000000;CARICAMENTO MANUALE
178;0300RI01;AG140;2017-11-08 14:30:15.000000000;2017-11-08 14:30:15.000000000;CARICAMENTO MANUALE
179;0300AU01;AG140;2017-09-25 15:44:27.000000000;2017-09-25 15:44:27.000000000;CARICAMENTO MANUALE
179;0300RI01;AG140;2017-11-08 14:30:15.000000000;2017-11-08 14:30:15.000000000;CARICAMENTO MANUALE
181;0300RI01;AG140;2017-11-08 14:30:15.000000000;2017-11-08 14:30:15.000000000;CARICAMENTO MANUALE
181;0300AU01;AG140;2017-09-25 15:44:27.000000000;2017-09-25 15:44:27.000000000;CARICAMENTO MANUALE
182;0300RI01;AG140;2017-11-08 14:30:15.000000000;2017-11-08 14:30:15.000000000;CARICAMENTO MANUALE
182;0300AU01;AG140;2017-09-25 15:44:27.000000000;2017-09-25 15:44:27.000000000;CARICAMENTO MANUALE
183;0300AU01;AG140;2017-09-25 15:44:27.000000000;2017-09-25 15:44:27.000000000;CARICAMENTO MANUALE
183;0300RI01;AG140;2017-11-08 14:30:15.000000000;2017-11-08 14:30:15.000000000;CARICAMENTO MANUALE
189;0300AU01;AG140;2017-09-25 15:44:27.000000000;2017-09-25 15:44:27.000000000;CARICAMENTO MANUALE
190;0300AU01;AG140;2017-09-25 15:44:27.000000000;2017-09-25 15:44:27.000000000;CARICAMENTO MANUALE
191;0300AU01;AG140;2017-09-25 15:44:27.000000000;2017-09-25 15:44:27.000000000;CARICAMENTO MANUALE
192;0300AU01;AG140;2017-09-25 15:44:27.000000000;2017-09-25 15:44:27.000000000;CARICAMENTO MANUALE
201;0300RI01;AG143;2017-09-25 15:44:27.000000000;2017-09-25 15:44:27.000000000;CARICAMENTO MANUALE
202;0300RI01;AG143;2017-09-25 15:44:27.000000000;2017-09-25 15:44:27.000000000;CARICAMENTO MANUALE
203;0300RI01;AG143;2017-09-25 15:44:27.000000000;2017-09-25 15:44:27.000000000;CARICAMENTO MANUALE
204;0300RI01;AG143;2017-09-25 15:44:27.000000000;2017-09-25 15:44:27.000000000;CARICAMENTO MANUALE
205;0300RI01;AG143;2017-09-25 15:44:27.000000000;2017-09-25 15:44:27.000000000;CARICAMENTO MANUALE
206;0300RI01;AG143;2017-09-25 15:44:27.000000000;2017-09-25 15:44:27.000000000;CARICAMENTO MANUALE
207;0300RI01;AG143;2017-09-25 15:44:27.000000000;2017-09-25 15:44:27.000000000;CARICAMENTO MANUALE
208;0300RI01;AG143;2017-09-25 15:44:27.000000000;2017-09-25 15:44:27.000000000;CARICAMENTO MANUALE
209;0300CC01;AG141;2017-10-24 11:33:56.000000000;2017-10-24 11:33:56.000000000;CARICAMENTO MANUALE
210;0300CC01;AG141;2017-10-24 11:33:56.000000000;2017-10-24 11:33:56.000000000;CARICAMENTO MANUALE
211;0300CC01;AG141;2017-10-24 11:33:56.000000000;2017-10-24 11:33:56.000000000;CARICAMENTO MANUALE
212;0300CC01;AG141;2017-10-24 11:33:56.000000000;2017-10-24 11:33:56.000000000;CARICAMENTO MANUALE
213;0300CC01;AG141;2017-10-24 11:33:56.000000000;2017-10-24 11:33:56.000000000;CARICAMENTO MANUALE
214;0300CC01;AG141;2017-10-24 11:33:56.000000000;2017-10-24 11:33:56.000000000;CARICAMENTO MANUALE
215;0300CC01;AG141;2017-10-24 11:33:56.000000000;2017-10-24 11:33:56.000000000;CARICAMENTO MANUALE
216;0300CC01;AG141;2017-10-24 11:33:56.000000000;2017-10-24 11:33:56.000000000;CARICAMENTO MANUALE
217;0300CC01;AG141;2017-10-24 11:33:56.000000000;2017-10-24 11:33:56.000000000;CARICAMENTO MANUALE
218;0300CC01;AG141;2017-10-24 11:33:56.000000000;2017-10-24 11:33:56.000000000;CARICAMENTO MANUALE
219;0300CC01;AG141;2017-10-24 11:33:56.000000000;2017-10-24 11:33:56.000000000;CARICAMENTO MANUALE
220;0300CC01;AG141;2017-10-24 11:33:56.000000000;2017-10-24 11:33:56.000000000;CARICAMENTO MANUALE
221;0300RC01;AG144;2017-10-24 11:33:56.000000000;2017-10-24 11:33:56.000000000;CARICAMENTO MANUALE
222;0300RC01;AG144;2017-10-24 11:33:57.000000000;2017-10-24 11:33:57.000000000;CARICAMENTO MANUALE
223;0300RC01;AG144;2017-10-24 11:33:57.000000000;2017-10-24 11:33:57.000000000;CARICAMENTO MANUALE
224;0300RC01;AG144;2017-10-24 11:33:57.000000000;2017-10-24 11:33:57.000000000;CARICAMENTO MANUALE
233;0300CA01;AG145;2017-10-25 10:58:13.000000000;2017-10-25 10:58:13.000000000;CARICAMENTO MANUALE
234;0300CA01;AG145;2017-10-25 10:58:13.000000000;2017-10-25 10:58:13.000000000;CARICAMENTO MANUALE
235;0300CA01;AG145;2017-10-25 10:58:13.000000000;2017-10-25 10:58:13.000000000;CARICAMENTO MANUALE
236;0300CA01;AG145;2017-10-25 10:58:13.000000000;2017-10-25 10:58:13.000000000;CARICAMENTO MANUALE
